<?xml version="1.0" encoding="UTF-8"?>
<configuration debug="false">
	<property name="APP_NAME" value="DebugMethodName"></property>
	<contextName>${APP_NAME}</contextName>

    <property name="LOG_HOME" value="logs" />  
    
    <appender name="STDOUT" class="ch.qos.logback.core.ConsoleAppender">
        <encoder class="ch.qos.logback.classic.encoder.PatternLayoutEncoder">
            <pattern>%d{yyyy-MM-dd HH:mm:ss.SSS} [%thread] %-5level %logger{50} - %msg%n</pattern>
        </encoder>
    </appender>

    <appender name="FILE" class="ch.qos.logback.core.FileAppender">
        <file>${LOG_HOME}/myLog.log</file>
        <encoder>
            <pattern>%d{yyyy-MM-dd HH:mm:ss.SSS} [%thread] %-5level %logger{50} - %msg%n</pattern>
        </encoder>
    </appender>

    <appender name="ROLLINGFILE"  class="ch.qos.logback.core.rolling.RollingFileAppender">
        <rollingPolicy class="ch.qos.logback.core.rolling.TimeBasedRollingPolicy">
            <FileNamePattern>${LOG_HOME}/%d{yyyy-MM-dd}.log</FileNamePattern>
            <MaxHistory>30</MaxHistory>
        </rollingPolicy>
        <encoder class="ch.qos.logback.classic.encoder.PatternLayoutEncoder">
            <pattern>%d{yyyy-MM-dd HH:mm:ss.SSS} [%thread] %-5level %logger{50} - %msg%n</pattern>
        </encoder>
       <triggeringPolicy class="ch.qos.logback.core.rolling.SizeBasedTriggeringPolicy">
         <MaxFileSize>10MB</MaxFileSize>
       </triggeringPolicy>
    </appender>

    <logger name="org.hibernate.engine.query.HQLQueryPlan" level="DEBUG" additivity="false" /> 
    <logger name="com.piedra.logback" level="DEBUG">
        <appender-ref ref="FILE"/>
    </logger>

    <root level="INFO">
        <appender-ref ref="STDOUT" />
        <appender-ref ref="ROLLINGFILE" />
    </root>
</configuration>